window_id,satellite_id,station_id,start_time,end_time,duration_minutes,visibility_score
WIN-0001,SAT-009,GS-005,2026-07-17T20:23:06.255638,2026-07-17T20:34:47.528173,11.69,0.91
WIN-0002,SAT-011,GS-011,2026-07-17T21:40:34.735025,2026-07-17T22:04:30.180722,23.92,0.85
WIN-0003,SAT-015,GS-010,2026-07-18T02:52:23.400216,2026-07-18T03:20:07.091178,27.73,0.83
WIN-0004,SAT-013,GS-003,2026-07-19T00:43:34.178846,2026-07-19T00:49:50.587571,6.27,0.59
WIN-0005,SAT-008,GS-009,2026-07-18T09:36:22.582277,2026-07-18T09:47:51.252427,11.48,0.74
WIN-0006,SAT-006,GS-014,2026-07-18T17:14:34.176226,2026-07-18T17:20:12.431907,5.64,1.0
WIN-0007,SAT-020,GS-014,2026-07-18T09:35:17.473298,2026-07-18T09:42:12.627800,6.92,0.66
WIN-0008,SAT-004,GS-001,2026-07-18T20:29:14.762292,2026-07-18T20:34:14.987034,5.0,0.93
WIN-0009,SAT-017,GS-010,2026-07-17T12:32:39.895502,2026-07-17T12:56:49.101883,24.15,0.73
WIN-0010,SAT-004,GS-012,2026-07-18T16:13:27.183648,2026-07-18T16:31:37.113413,18.17,1.0
WIN-0011,SAT-015,GS-009,2026-07-18T02:49:29.002677,2026-07-18T03:15:29.722485,26.01,0.88
WIN-0012,SAT-007,GS-013,2026-07-17T00:22:44.773796,2026-07-17T00:52:33.924862,29.82,0.91
WIN-0013,SAT-019,GS-012,2026-07-17T18:04:58.060515,2026-07-17T18:13:14.160055,8.27,0.73
WIN-0014,SAT-018,GS-002,2026-07-16T17:36:42.368135,2026-07-16T18:06:30.116280,29.8,0.84
WIN-0015,SAT-010,GS-011,2026-07-18T10:28:38.033227,2026-07-18T10:53:14.946672,24.62,0.9
WIN-0016,SAT-014,GS-001,2026-07-18T07:52:13.668147,2026-07-18T08:08:13.356254,15.99,0.51
WIN-0017,SAT-019,GS-003,2026-07-18T23:56:56.270640,2026-07-19T00:23:32.406609,26.6,0.58
WIN-0018,SAT-007,GS-006,2026-07-18T13:33:19.647775,2026-07-18T13:51:07.751249,17.8,0.68
WIN-0019,SAT-014,GS-015,2026-07-18T15:48:28.431871,2026-07-18T16:14:02.995313,25.58,1.0
WIN-0020,SAT-006,GS-003,2026-07-17T16:51:38.899464,2026-07-17T17:17:52.833787,26.23,0.91
WIN-0021,SAT-008,GS-012,2026-07-19T05:56:08.887149,2026-07-19T06:05:46.598453,9.63,0.94
WIN-0022,SAT-007,GS-013,2026-07-17T03:56:13.053101,2026-07-17T04:04:30.565145,8.29,0.6
WIN-0023,SAT-014,GS-009,2026-07-18T03:50:16.006169,2026-07-18T04:10:14.656518,19.98,0.63
WIN-0024,SAT-015,GS-004,2026-07-17T14:05:35.852994,2026-07-17T14:30:27.084985,24.85,0.69
WIN-0025,SAT-011,GS-011,2026-07-19T07:52:35.404030,2026-07-19T08:00:43.965791,8.14,0.97
WIN-0026,SAT-016,GS-005,2026-07-19T05:28:00.067350,2026-07-19T05:47:17.321665,19.29,0.94
WIN-0027,SAT-013,GS-011,2026-07-19T13:41:40.144710,2026-07-19T13:56:44.637818,15.07,0.79
WIN-0028,SAT-001,GS-007,2026-07-18T19:54:04.228178,2026-07-18T20:03:02.665971,8.97,0.58
WIN-0029,SAT-016,GS-002,2026-07-17T15:21:05.663275,2026-07-17T15:41:58.842717,20.89,0.73
WIN-0030,SAT-003,GS-004,2026-07-19T11:22:17.180860,2026-07-19T11:37:14.405271,14.95,0.81
WIN-0031,SAT-013,GS-007,2026-07-16T17:48:02.071992,2026-07-16T18:06:11.421611,18.16,0.81
WIN-0032,SAT-002,GS-011,2026-07-17T18:30:20.857325,2026-07-17T18:48:13.383049,17.88,0.53
WIN-0033,SAT-012,GS-015,2026-07-17T03:08:35.463346,2026-07-17T03:28:42.089542,20.11,0.77
WIN-0034,SAT-019,GS-008,2026-07-18T21:10:30.407944,2026-07-18T21:28:35.137865,18.08,0.82
WIN-0035,SAT-008,GS-011,2026-07-18T02:45:42.364505,2026-07-18T03:07:37.231909,21.91,0.78
WIN-0036,SAT-011,GS-002,2026-07-16T19:18:28.104895,2026-07-16T19:31:58.006622,13.5,0.56
WIN-0037,SAT-001,GS-006,2026-07-16T19:59:35.083850,2026-07-16T20:23:58.733737,24.39,0.88
WIN-0038,SAT-020,GS-015,2026-07-19T02:32:16.541090,2026-07-19T02:58:17.734951,26.02,0.69
WIN-0039,SAT-006,GS-015,2026-07-19T07:46:12.127713,2026-07-19T07:51:35.409208,5.39,0.91
WIN-0040,SAT-020,GS-011,2026-07-18T03:31:52.580469,2026-07-18T03:46:55.878309,15.05,0.91
WIN-0041,SAT-012,GS-005,2026-07-18T02:58:42.072523,2026-07-18T03:17:58.212440,19.27,0.75
WIN-0042,SAT-010,GS-003,2026-07-18T07:20:32.341460,2026-07-18T07:39:52.888002,19.34,0.73
WIN-0043,SAT-017,GS-008,2026-07-17T17:05:52.977411,2026-07-17T17:25:21.186341,19.47,0.79
WIN-0044,SAT-013,GS-008,2026-07-18T11:53:02.893482,2026-07-18T12:05:20.440489,12.29,0.76
WIN-0045,SAT-005,GS-008,2026-07-18T12:09:11.138110,2026-07-18T12:16:37.863854,7.45,0.64
WIN-0046,SAT-015,GS-011,2026-07-17T04:07:24.084005,2026-07-17T04:23:45.384414,16.36,0.75
WIN-0047,SAT-001,GS-011,2026-07-19T00:55:06.152892,2026-07-19T01:06:32.619147,11.44,0.76
WIN-0048,SAT-017,GS-007,2026-07-18T23:45:41.091361,2026-07-18T23:53:52.920686,8.2,0.71
WIN-0049,SAT-002,GS-003,2026-07-18T06:06:32.441655,2026-07-18T06:20:02.506286,13.5,0.67
WIN-0050,SAT-019,GS-011,2026-07-18T10:52:53.082479,2026-07-18T11:21:15.306050,28.37,0.72
WIN-0051,SAT-004,GS-012,2026-07-17T09:28:47.468128,2026-07-17T09:54:22.078955,25.58,0.53
WIN-0052,SAT-009,GS-011,2026-07-18T23:46:59.760087,2026-07-18T23:59:25.537864,12.43,0.58
WIN-0053,SAT-007,GS-002,2026-07-19T04:56:33.763445,2026-07-19T05:25:34.326343,29.01,0.79
WIN-0054,SAT-018,GS-009,2026-07-17T16:51:14.118253,2026-07-17T17:03:07.255095,11.89,0.56
WIN-0055,SAT-006,GS-012,2026-07-18T13:14:51.851453,2026-07-18T13:22:51.260701,7.99,0.78
WIN-0056,SAT-006,GS-008,2026-07-16T21:32:24.811395,2026-07-16T21:53:22.450797,20.96,0.82
WIN-0057,SAT-014,GS-006,2026-07-18T04:44:15.241618,2026-07-18T04:56:17.069906,12.03,0.74
WIN-0058,SAT-009,GS-009,2026-07-17T00:34:44.424886,2026-07-17T00:56:08.126216,21.4,0.55
WIN-0059,SAT-017,GS-009,2026-07-19T11:32:12.597769,2026-07-19T12:01:37.644933,29.42,0.66
WIN-0060,SAT-015,GS-006,2026-07-19T03:31:38.483909,2026-07-19T03:46:54.797139,15.27,0.61
WIN-0061,SAT-013,GS-015,2026-07-19T04:42:01.278661,2026-07-19T04:55:03.684734,13.04,0.78
WIN-0062,SAT-001,GS-015,2026-07-18T09:22:25.071736,2026-07-18T09:34:10.217177,11.75,0.79
WIN-0063,SAT-010,GS-001,2026-07-17T15:45:33.432255,2026-07-17T15:59:06.303022,13.55,0.94
WIN-0064,SAT-006,GS-012,2026-07-16T22:12:04.359231,2026-07-16T22:37:23.303666,25.32,0.93
WIN-0065,SAT-013,GS-006,2026-07-17T15:30:20.593764,2026-07-17T15:41:31.333560,11.18,0.83
WIN-0066,SAT-003,GS-012,2026-07-18T11:38:34.310227,2026-07-18T11:44:16.635803,5.71,0.83
WIN-0067,SAT-002,GS-013,2026-07-18T05:35:07.264451,2026-07-18T06:03:13.375446,28.1,0.65
WIN-0068,SAT-008,GS-014,2026-07-18T07:22:39.345382,2026-07-18T07:52:00.823984,29.36,0.75
WIN-0069,SAT-017,GS-009,2026-07-18T10:39:14.344325,2026-07-18T11:07:13.231917,27.98,0.97
WIN-0070,SAT-006,GS-006,2026-07-18T07:49:41.281881,2026-07-18T08:07:44.370848,18.05,0.64
WIN-0071,SAT-009,GS-015,2026-07-17T03:08:12.064023,2026-07-17T03:34:06.425650,25.91,0.85
WIN-0072,SAT-008,GS-003,2026-07-18T06:07:55.638902,2026-07-18T06:24:30.467457,16.58,0.57
WIN-0073,SAT-007,GS-008,2026-07-18T21:34:41.220309,2026-07-18T21:45:47.906058,11.11,0.96
WIN-0074,SAT-007,GS-008,2026-07-16T19:53:55.918142,2026-07-16T19:59:57.129631,6.02,0.92
WIN-0075,SAT-002,GS-002,2026-07-17T19:48:42.356789,2026-07-17T19:56:45.288282,8.05,0.54
WIN-0076,SAT-017,GS-002,2026-07-16T19:56:19.732337,2026-07-16T20:24:41.057227,28.36,0.55
WIN-0077,SAT-002,GS-010,2026-07-18T22:54:22.342799,2026-07-18T23:02:27.452797,8.09,0.95
WIN-0078,SAT-007,GS-013,2026-07-16T18:27:19.054467,2026-07-16T18:38:10.739465,10.86,0.93
WIN-0079,SAT-020,GS-004,2026-07-17T07:57:32.104736,2026-07-17T08:12:10.205820,14.64,0.85
WIN-0080,SAT-002,GS-013,2026-07-17T19:32:14.343319,2026-07-17T20:01:58.239443,29.73,0.66
WIN-0081,SAT-009,GS-013,2026-07-17T04:13:18.433395,2026-07-17T04:19:49.134038,6.51,0.86
WIN-0082,SAT-005,GS-010,2026-07-19T13:21:18.219985,2026-07-19T13:38:24.659784,17.11,0.57
WIN-0083,SAT-008,GS-005,2026-07-17T00:45:09.489894,2026-07-17T00:55:53.071194,10.73,0.83
WIN-0084,SAT-004,GS-015,2026-07-17T19:27:35.209793,2026-07-17T19:43:04.158102,15.48,0.63
WIN-0085,SAT-002,GS-005,2026-07-18T04:37:34.723533,2026-07-18T05:05:51.741686,28.28,0.93
WIN-0086,SAT-013,GS-012,2026-07-17T23:18:10.586733,2026-07-17T23:28:42.414735,10.53,0.81
WIN-0087,SAT-011,GS-002,2026-07-17T08:09:18.482818,2026-07-17T08:17:27.610870,8.15,0.86
WIN-0088,SAT-005,GS-006,2026-07-18T09:55:13.067445,2026-07-18T10:01:44.114547,6.52,0.52
WIN-0089,SAT-016,GS-015,2026-07-17T04:30:17.256195,2026-07-17T04:47:33.740208,17.27,0.76
WIN-0090,SAT-014,GS-014,2026-07-17T18:44:24.776349,2026-07-17T18:51:14.968562,6.84,0.55
WIN-0091,SAT-013,GS-008,2026-07-18T00:15:15.832317,2026-07-18T00:24:09.749924,8.9,0.62
WIN-0092,SAT-005,GS-012,2026-07-16T17:14:09.348917,2026-07-16T17:42:49.675342,28.67,0.87
WIN-0093,SAT-008,GS-005,2026-07-17T13:14:26.402426,2026-07-17T13:40:19.946650,25.89,0.98
WIN-0094,SAT-003,GS-014,2026-07-18T10:06:05.320392,2026-07-18T10:21:00.475256,14.92,0.62
WIN-0095,SAT-002,GS-003,2026-07-19T02:25:13.210266,2026-07-19T02:35:02.539510,9.82,0.62
WIN-0096,SAT-013,GS-006,2026-07-17T10:38:31.829741,2026-07-17T10:46:41.196168,8.16,0.85
WIN-0097,SAT-003,GS-006,2026-07-17T08:07:40.959567,2026-07-17T08:22:20.892527,14.67,0.62
WIN-0098,SAT-002,GS-003,2026-07-16T22:10:24.893681,2026-07-16T22:23:41.590559,13.28,0.65
WIN-0099,SAT-001,GS-008,2026-07-18T08:06:01.825647,2026-07-18T08:21:19.625006,15.3,0.77
WIN-0100,SAT-006,GS-014,2026-07-18T15:13:20.022599,2026-07-18T15:38:26.728935,25.11,0.58
WIN-0101,SAT-003,GS-002,2026-07-19T03:26:27.425570,2026-07-19T03:50:54.006394,24.44,0.58
WIN-0102,SAT-020,GS-013,2026-07-18T12:53:46.025253,2026-07-18T13:05:50.828289,12.08,0.54
WIN-0103,SAT-010,GS-005,2026-07-18T15:08:54.800315,2026-07-18T15:20:21.852383,11.45,0.83
WIN-0104,SAT-011,GS-011,2026-07-19T06:16:20.717379,2026-07-19T06:27:48.043537,11.46,0.93
WIN-0105,SAT-007,GS-013,2026-07-19T11:46:13.305191,2026-07-19T12:16:12.832535,29.99,0.52
WIN-0106,SAT-002,GS-009,2026-07-19T09:50:03.869423,2026-07-19T10:19:32.102036,29.47,0.89
WIN-0107,SAT-014,GS-008,2026-07-18T13:44:03.311385,2026-07-18T13:49:25.012897,5.36,0.96
WIN-0108,SAT-001,GS-004,2026-07-18T13:28:21.475938,2026-07-18T13:38:08.610577,9.79,0.82
WIN-0109,SAT-001,GS-001,2026-07-19T14:13:42.327390,2026-07-19T14:35:38.275748,21.93,0.75
WIN-0110,SAT-015,GS-007,2026-07-17T15:05:56.774125,2026-07-17T15:21:58.250118,16.02,0.64
WIN-0111,SAT-018,GS-003,2026-07-19T00:00:08.255195,2026-07-19T00:21:54.769087,21.78,0.84
WIN-0112,SAT-001,GS-008,2026-07-19T12:24:39.846358,2026-07-19T12:33:17.407047,8.63,0.54
WIN-0113,SAT-012,GS-015,2026-07-18T15:01:07.645292,2026-07-18T15:12:38.525907,11.51,0.91
WIN-0114,SAT-019,GS-009,2026-07-18T22:38:52.955475,2026-07-18T22:49:07.008753,10.23,0.77
WIN-0115,SAT-017,GS-007,2026-07-19T12:22:08.141606,2026-07-19T12:39:07.961910,17.0,0.98
WIN-0116,SAT-010,GS-003,2026-07-19T05:09:45.143858,2026-07-19T05:36:50.492536,27.09,0.82
WIN-0117,SAT-007,GS-006,2026-07-17T02:20:46.113421,2026-07-17T02:31:02.184572,10.27,0.97
WIN-0118,SAT-004,GS-006,2026-07-19T15:13:47.985676,2026-07-19T15:39:43.744211,25.93,0.6
WIN-0119,SAT-005,GS-002,2026-07-17T20:55:16.462726,2026-07-17T21:13:29.995967,18.23,0.52
WIN-0120,SAT-008,GS-012,2026-07-19T03:59:11.951175,2026-07-19T04:09:26.491530,10.24,0.69
WIN-0121,SAT-008,GS-007,2026-07-17T16:35:45.654640,2026-07-17T16:51:05.362563,15.33,0.81
WIN-0122,SAT-018,GS-010,2026-07-17T03:33:50.523245,2026-07-17T03:58:50.921593,25.01,0.51
WIN-0123,SAT-006,GS-008,2026-07-17T06:42:07.944480,2026-07-17T06:50:00.169094,7.87,0.98
WIN-0124,SAT-009,GS-013,2026-07-17T08:47:22.202203,2026-07-17T09:10:40.265868,23.3,0.74
WIN-0125,SAT-020,GS-003,2026-07-19T14:07:25.081905,2026-07-19T14:16:02.178238,8.62,0.67
WIN-0126,SAT-018,GS-012,2026-07-18T18:37:06.786651,2026-07-18T18:59:08.338822,22.03,1.0
WIN-0127,SAT-017,GS-007,2026-07-18T22:28:02.446795,2026-07-18T22:41:39.759430,13.62,0.83
WIN-0128,SAT-015,GS-007,2026-07-16T22:21:50.076153,2026-07-16T22:49:59.247253,28.15,0.86
WIN-0129,SAT-003,GS-008,2026-07-18T11:43:10.088633,2026-07-18T12:07:33.101979,24.38,0.69
WIN-0130,SAT-015,GS-003,2026-07-18T02:27:37.284900,2026-07-18T02:41:03.869246,13.44,0.87
WIN-0131,SAT-004,GS-002,2026-07-17T04:22:18.233347,2026-07-17T04:35:44.422494,13.44,0.82
WIN-0132,SAT-016,GS-008,2026-07-17T09:25:04.619151,2026-07-17T09:49:26.365896,24.36,0.77
WIN-0133,SAT-003,GS-003,2026-07-17T05:55:45.911570,2026-07-17T06:09:26.087650,13.67,0.76
WIN-0134,SAT-014,GS-008,2026-07-17T12:28:26.504640,2026-07-17T12:53:00.728893,24.57,0.55
WIN-0135,SAT-004,GS-015,2026-07-18T17:55:12.433850,2026-07-18T18:19:15.528003,24.05,0.91
WIN-0136,SAT-017,GS-005,2026-07-16T21:43:48.239002,2026-07-16T22:09:38.035906,25.83,0.84
WIN-0137,SAT-014,GS-004,2026-07-19T07:17:04.497383,2026-07-19T07:29:50.730509,12.77,0.88
WIN-0138,SAT-015,GS-014,2026-07-19T09:05:55.349827,2026-07-19T09:22:49.766292,16.91,0.93
WIN-0139,SAT-014,GS-011,2026-07-18T14:29:08.399075,2026-07-18T14:52:12.166077,23.06,0.94
WIN-0140,SAT-019,GS-011,2026-07-18T11:17:26.053206,2026-07-18T11:38:48.971750,21.38,0.97
WIN-0141,SAT-007,GS-008,2026-07-19T05:02:53.138981,2026-07-19T05:18:39.612084,15.77,0.53
WIN-0142,SAT-005,GS-010,2026-07-18T14:58:56.726830,2026-07-18T15:26:54.535708,27.96,0.73
WIN-0143,SAT-015,GS-015,2026-07-17T15:32:02.914760,2026-07-17T15:37:32.372178,5.49,0.8
WIN-0144,SAT-014,GS-011,2026-07-19T13:13:50.428345,2026-07-19T13:25:53.435468,12.05,0.94
WIN-0145,SAT-003,GS-008,2026-07-16T18:37:37.693393,2026-07-16T19:07:33.574971,29.93,0.99
WIN-0146,SAT-001,GS-012,2026-07-18T15:00:07.205860,2026-07-18T15:14:46.871873,14.66,0.54
WIN-0147,SAT-014,GS-012,2026-07-19T10:01:11.335874,2026-07-19T10:18:41.129325,17.5,0.81
WIN-0148,SAT-003,GS-005,2026-07-17T10:42:45.013061,2026-07-17T11:08:59.000669,26.23,0.86
WIN-0149,SAT-014,GS-015,2026-07-17T15:25:00.663304,2026-07-17T15:34:22.740126,9.37,0.92
WIN-0150,SAT-010,GS-013,2026-07-17T02:48:57.145896,2026-07-17T03:11:20.919114,22.4,0.77
WIN-0151,SAT-008,GS-004,2026-07-18T19:03:51.692670,2026-07-18T19:17:38.700840,13.78,0.67
WIN-0152,SAT-015,GS-011,2026-07-17T14:29:57.299113,2026-07-17T14:35:22.428824,5.42,1.0
WIN-0153,SAT-012,GS-002,2026-07-19T12:42:47.510159,2026-07-19T13:06:42.138263,23.91,0.55
WIN-0154,SAT-011,GS-001,2026-07-17T03:18:48.895382,2026-07-17T03:24:05.821162,5.28,0.55
WIN-0155,SAT-016,GS-004,2026-07-17T19:51:05.217383,2026-07-17T20:12:08.769972,21.06,0.8
WIN-0156,SAT-006,GS-008,2026-07-18T18:28:43.002432,2026-07-18T18:47:25.860678,18.71,0.57
WIN-0157,SAT-008,GS-009,2026-07-18T21:56:20.346564,2026-07-18T22:13:47.262988,17.45,0.62
WIN-0158,SAT-013,GS-002,2026-07-19T03:16:04.479141,2026-07-19T03:35:45.558193,19.68,0.87
WIN-0159,SAT-001,GS-010,2026-07-18T16:47:29.848182,2026-07-18T16:54:31.783000,7.03,0.67
WIN-0160,SAT-015,GS-002,2026-07-17T17:59:41.576243,2026-07-17T18:18:52.866053,19.19,0.97
WIN-0161,SAT-005,GS-004,2026-07-17T08:28:09.536627,2026-07-17T08:51:19.585189,23.17,0.56
WIN-0162,SAT-006,GS-012,2026-07-18T20:34:24.678745,2026-07-18T20:42:39.479288,8.25,0.52
WIN-0163,SAT-006,GS-008,2026-07-17T15:50:48.882508,2026-07-17T15:56:05.006959,5.27,0.64
WIN-0164,SAT-009,GS-007,2026-07-17T16:51:21.938652,2026-07-17T17:10:50.302254,19.47,0.66
WIN-0165,SAT-003,GS-012,2026-07-19T14:36:21.578662,2026-07-19T14:54:47.734969,18.44,0.51
WIN-0166,SAT-013,GS-005,2026-07-17T00:03:35.847371,2026-07-17T00:18:57.125061,15.35,0.78
WIN-0167,SAT-017,GS-001,2026-07-16T22:20:58.705993,2026-07-16T22:35:05.926903,14.12,0.69
WIN-0168,SAT-002,GS-013,2026-07-19T03:04:12.147651,2026-07-19T03:21:59.728788,17.79,0.97
WIN-0169,SAT-009,GS-012,2026-07-16T20:24:39.068964,2026-07-16T20:53:22.164580,28.72,0.74
WIN-0170,SAT-002,GS-012,2026-07-16T23:02:29.625923,2026-07-16T23:12:01.685143,9.53,0.94
WIN-0171,SAT-019,GS-002,2026-07-17T10:33:59.482289,2026-07-17T10:41:30.535708,7.52,0.9
WIN-0172,SAT-020,GS-015,2026-07-17T20:34:25.538327,2026-07-17T20:48:37.742869,14.2,0.97
WIN-0173,SAT-020,GS-011,2026-07-18T11:03:21.906709,2026-07-18T11:26:07.615462,22.76,0.55
WIN-0174,SAT-007,GS-012,2026-07-17T06:01:57.020549,2026-07-17T06:27:21.940595,25.42,0.86
WIN-0175,SAT-006,GS-002,2026-07-16T21:20:41.246722,2026-07-16T21:30:00.022329,9.31,0.52
WIN-0176,SAT-008,GS-012,2026-07-18T17:35:00.213402,2026-07-18T18:03:36.865599,28.61,0.77
WIN-0177,SAT-002,GS-013,2026-07-18T07:20:28.369358,2026-07-18T07:32:48.142031,12.33,0.5
WIN-0178,SAT-006,GS-013,2026-07-19T11:55:28.975001,2026-07-19T12:21:18.124401,25.82,0.63
WIN-0179,SAT-015,GS-015,2026-07-18T23:33:41.546172,2026-07-18T23:54:34.497151,20.88,0.82
WIN-0180,SAT-014,GS-002,2026-07-17T23:05:03.557254,2026-07-17T23:15:02.821535,9.99,0.92
WIN-0181,SAT-013,GS-011,2026-07-17T12:09:29.364733,2026-07-17T12:14:35.601249,5.1,0.64
WIN-0182,SAT-012,GS-007,2026-07-18T20:37:28.551863,2026-07-18T20:55:14.331196,17.76,0.83
WIN-0183,SAT-012,GS-008,2026-07-17T03:08:29.133063,2026-07-17T03:25:53.629655,17.41,0.79
WIN-0184,SAT-005,GS-002,2026-07-19T05:43:41.041835,2026-07-19T05:57:22.223061,13.69,0.86
WIN-0185,SAT-019,GS-011,2026-07-18T13:23:05.843293,2026-07-18T13:51:03.774897,27.97,0.56
WIN-0186,SAT-006,GS-003,2026-07-17T20:12:36.126183,2026-07-17T20:41:40.571354,29.07,0.53
WIN-0187,SAT-019,GS-013,2026-07-17T01:24:15.343460,2026-07-17T01:51:38.669755,27.39,0.58
WIN-0188,SAT-002,GS-007,2026-07-17T13:52:03.018292,2026-07-17T14:04:50.438315,12.79,0.76
WIN-0189,SAT-003,GS-004,2026-07-18T13:23:17.920526,2026-07-18T13:46:42.187315,23.4,0.51
WIN-0190,SAT-014,GS-012,2026-07-18T11:56:14.139074,2026-07-18T12:25:01.638343,28.79,0.91
WIN-0191,SAT-019,GS-015,2026-07-16T18:31:59.887993,2026-07-16T18:51:14.167129,19.24,0.91
WIN-0192,SAT-001,GS-011,2026-07-19T03:46:25.982979,2026-07-19T04:03:20.899263,16.92,0.72
WIN-0193,SAT-007,GS-014,2026-07-18T16:46:53.947050,2026-07-18T17:07:40.085832,20.77,0.6
WIN-0194,SAT-005,GS-006,2026-07-18T00:45:59.861533,2026-07-18T00:52:39.466238,6.66,0.83
WIN-0195,SAT-013,GS-013,2026-07-16T19:29:55.410744,2026-07-16T19:56:13.834478,26.31,0.93
WIN-0196,SAT-018,GS-011,2026-07-17T10:17:22.884298,2026-07-17T10:40:33.406250,23.18,0.6
WIN-0197,SAT-018,GS-014,2026-07-18T00:21:17.902743,2026-07-18T00:29:19.962833,8.03,0.59
WIN-0198,SAT-007,GS-005,2026-07-18T22:03:35.546048,2026-07-18T22:20:13.896540,16.64,0.6
WIN-0199,SAT-016,GS-007,2026-07-19T12:59:18.068264,2026-07-19T13:28:13.798515,28.93,0.56
WIN-0200,SAT-012,GS-003,2026-07-16T21:39:03.182542,2026-07-16T21:55:21.769691,16.31,0.95
WIN-0201,SAT-016,GS-004,2026-07-17T18:29:27.681413,2026-07-17T18:39:17.636147,9.83,0.93
WIN-0202,SAT-009,GS-005,2026-07-17T01:23:52.176177,2026-07-17T01:41:13.377125,17.35,0.88
WIN-0203,SAT-010,GS-003,2026-07-17T20:42:34.631258,2026-07-17T21:04:51.722121,22.28,0.66
WIN-0204,SAT-002,GS-012,2026-07-17T20:00:52.138716,2026-07-17T20:19:32.085781,18.67,0.5
WIN-0205,SAT-014,GS-006,2026-07-18T19:09:39.722350,2026-07-18T19:32:44.837449,23.09,0.79
WIN-0206,SAT-006,GS-001,2026-07-17T22:43:29.528778,2026-07-17T22:54:20.151772,10.84,0.82
WIN-0207,SAT-010,GS-009,2026-07-17T02:40:26.541239,2026-07-17T02:46:49.890064,6.39,0.76
WIN-0208,SAT-001,GS-012,2026-07-19T06:36:58.356035,2026-07-19T06:44:24.406793,7.43,0.98
WIN-0209,SAT-013,GS-012,2026-07-16T18:09:47.884907,2026-07-16T18:29:52.255135,20.07,0.67
WIN-0210,SAT-003,GS-015,2026-07-17T14:26:31.515342,2026-07-17T14:42:10.729300,15.65,0.74
WIN-0211,SAT-019,GS-010,2026-07-18T22:30:09.757984,2026-07-18T22:40:26.906320,10.29,0.79
WIN-0212,SAT-002,GS-003,2026-07-18T10:35:11.013943,2026-07-18T10:46:37.140027,11.44,0.57
WIN-0213,SAT-018,GS-005,2026-07-17T22:00:03.168561,2026-07-17T22:16:42.449548,16.65,0.63
WIN-0214,SAT-016,GS-004,2026-07-19T06:21:34.008192,2026-07-19T06:46:49.614372,25.26,0.51
WIN-0215,SAT-001,GS-006,2026-07-18T11:54:38.317676,2026-07-18T12:23:05.929157,28.46,0.76
WIN-0216,SAT-011,GS-009,2026-07-19T11:41:39.033166,2026-07-19T11:54:14.032070,12.58,0.65
WIN-0217,SAT-004,GS-012,2026-07-19T08:40:50.138396,2026-07-19T08:47:44.850553,6.91,0.87
WIN-0218,SAT-020,GS-007,2026-07-18T04:41:59.540997,2026-07-18T05:05:00.556957,23.02,0.96
WIN-0219,SAT-005,GS-004,2026-07-17T17:44:01.391729,2026-07-17T17:50:35.991975,6.58,1.0
WIN-0220,SAT-002,GS-001,2026-07-18T16:57:57.354826,2026-07-18T17:20:00.296497,22.05,0.82
WIN-0221,SAT-003,GS-012,2026-07-17T21:10:49.486025,2026-07-17T21:25:47.081155,14.96,0.64
WIN-0222,SAT-011,GS-015,2026-07-18T06:12:00.893970,2026-07-18T06:39:43.411190,27.71,0.76
WIN-0223,SAT-007,GS-012,2026-07-17T01:48:12.170955,2026-07-17T01:53:21.868369,5.16,0.74
WIN-0224,SAT-013,GS-014,2026-07-17T22:31:54.817206,2026-07-17T22:41:38.223951,9.72,0.69
WIN-0225,SAT-008,GS-013,2026-07-18T22:29:59.871470,2026-07-18T22:54:37.463640,24.63,0.67
WIN-0226,SAT-007,GS-012,2026-07-16T19:22:49.996401,2026-07-16T19:51:39.365795,28.82,0.76
WIN-0227,SAT-014,GS-009,2026-07-18T16:50:43.063538,2026-07-18T16:55:53.294951,5.17,0.79
WIN-0228,SAT-017,GS-015,2026-07-16T20:18:24.512561,2026-07-16T20:39:44.523000,21.33,0.76
WIN-0229,SAT-019,GS-011,2026-07-17T02:48:59.266345,2026-07-17T03:05:47.465572,16.8,0.68
WIN-0230,SAT-009,GS-006,2026-07-17T17:55:20.381235,2026-07-17T18:18:52.435183,23.53,0.59
WIN-0231,SAT-004,GS-007,2026-07-17T20:49:17.135727,2026-07-17T20:54:32.095353,5.25,0.51
WIN-0232,SAT-002,GS-012,2026-07-19T07:48:53.727741,2026-07-19T07:54:26.899525,5.55,0.8
WIN-0233,SAT-002,GS-009,2026-07-17T02:48:36.945959,2026-07-17T03:00:17.426584,11.67,0.75
WIN-0234,SAT-016,GS-012,2026-07-17T10:18:34.867934,2026-07-17T10:42:54.279485,24.32,0.85
WIN-0235,SAT-010,GS-015,2026-07-18T01:48:34.439190,2026-07-18T02:05:40.106991,17.09,0.81
WIN-0236,SAT-017,GS-008,2026-07-19T01:20:26.420196,2026-07-19T01:33:43.257820,13.28,0.67
WIN-0237,SAT-009,GS-002,2026-07-17T13:12:31.061345,2026-07-17T13:31:56.627898,19.43,0.73
WIN-0238,SAT-012,GS-015,2026-07-18T11:46:23.276933,2026-07-18T12:12:52.098946,26.48,0.56
WIN-0239,SAT-010,GS-013,2026-07-18T10:24:45.907674,2026-07-18T10:46:27.893413,21.7,0.98
WIN-0240,SAT-010,GS-001,2026-07-18T10:05:00.159723,2026-07-18T10:12:54.527087,7.91,0.97
WIN-0241,SAT-013,GS-001,2026-07-19T13:21:39.804092,2026-07-19T13:30:05.146960,8.42,0.53
WIN-0242,SAT-001,GS-002,2026-07-19T02:19:44.786127,2026-07-19T02:31:58.129433,12.22,0.5
WIN-0243,SAT-016,GS-012,2026-07-16T19:07:02.651012,2026-07-16T19:25:50.158651,18.79,0.96
WIN-0244,SAT-018,GS-015,2026-07-17T01:58:52.597491,2026-07-17T02:06:42.042532,7.82,0.82
WIN-0245,SAT-018,GS-004,2026-07-17T08:16:39.847799,2026-07-17T08:34:55.618103,18.26,0.91
WIN-0246,SAT-020,GS-001,2026-07-17T12:21:31.295342,2026-07-17T12:41:38.469957,20.12,0.53
WIN-0247,SAT-007,GS-015,2026-07-19T05:41:04.611886,2026-07-19T05:55:14.096099,14.16,0.67
WIN-0248,SAT-015,GS-001,2026-07-18T06:21:10.326754,2026-07-18T06:45:31.361533,24.35,0.78
WIN-0249,SAT-013,GS-006,2026-07-18T19:05:19.737481,2026-07-18T19:19:07.592262,13.8,0.79
WIN-0250,SAT-011,GS-011,2026-07-18T22:28:52.593531,2026-07-18T22:42:50.287696,13.96,0.9
WIN-0251,SAT-007,GS-002,2026-07-19T10:14:34.675931,2026-07-19T10:25:18.444927,10.73,0.99
WIN-0252,SAT-016,GS-015,2026-07-19T03:19:14.503211,2026-07-19T03:38:25.628512,19.19,0.57
WIN-0253,SAT-010,GS-001,2026-07-18T16:25:40.249548,2026-07-18T16:32:23.871234,6.73,0.61
WIN-0254,SAT-019,GS-004,2026-07-18T19:23:15.647322,2026-07-18T19:35:10.061909,11.91,0.61
WIN-0255,SAT-007,GS-010,2026-07-18T19:44:29.138042,2026-07-18T19:51:52.943252,7.4,0.91
WIN-0256,SAT-012,GS-001,2026-07-17T03:49:49.123343,2026-07-17T04:04:43.342419,14.9,0.83
WIN-0257,SAT-008,GS-013,2026-07-19T14:07:36.011838,2026-07-19T14:16:43.881234,9.13,0.59
WIN-0258,SAT-010,GS-007,2026-07-18T14:02:18.756668,2026-07-18T14:27:53.026525,25.57,0.54
WIN-0259,SAT-006,GS-013,2026-07-16T22:20:16.143369,2026-07-16T22:29:57.098632,9.68,0.93
WIN-0260,SAT-008,GS-001,2026-07-18T13:10:16.090188,2026-07-18T13:38:41.711540,28.43,0.84
WIN-0261,SAT-012,GS-012,2026-07-18T10:05:07.664006,2026-07-18T10:34:11.676977,29.07,0.57
WIN-0262,SAT-006,GS-005,2026-07-18T22:56:59.462163,2026-07-18T23:05:18.057559,8.31,0.67
WIN-0263,SAT-014,GS-010,2026-07-18T06:06:09.965080,2026-07-18T06:26:07.017827,19.95,0.81
WIN-0264,SAT-013,GS-001,2026-07-17T09:30:44.133175,2026-07-17T09:53:36.793555,22.88,0.73
WIN-0265,SAT-015,GS-011,2026-07-18T05:37:37.316813,2026-07-18T05:58:17.529910,20.67,0.72
WIN-0266,SAT-006,GS-007,2026-07-19T05:20:10.591000,2026-07-19T05:35:41.062773,15.51,0.95
WIN-0267,SAT-011,GS-012,2026-07-19T02:45:35.813534,2026-07-19T02:53:46.239148,8.17,0.67
WIN-0268,SAT-019,GS-007,2026-07-19T00:18:02.009680,2026-07-19T00:32:29.443481,14.46,0.68
WIN-0269,SAT-016,GS-006,2026-07-19T10:13:10.680728,2026-07-19T10:26:41.686021,13.52,0.96
WIN-0270,SAT-019,GS-008,2026-07-17T10:29:45.142382,2026-07-17T10:50:37.412852,20.87,0.53
WIN-0271,SAT-004,GS-011,2026-07-17T17:48:01.151940,2026-07-17T18:11:35.057022,23.57,0.75
WIN-0272,SAT-011,GS-001,2026-07-19T09:15:17.060535,2026-07-19T09:41:50.631513,26.56,0.94
WIN-0273,SAT-013,GS-001,2026-07-18T06:50:19.981215,2026-07-18T07:05:20.757095,15.01,0.8
WIN-0274,SAT-017,GS-004,2026-07-17T16:05:05.831958,2026-07-17T16:16:03.798001,10.97,0.78
WIN-0275,SAT-004,GS-001,2026-07-17T13:24:41.595157,2026-07-17T13:51:37.875267,26.94,0.67
WIN-0276,SAT-007,GS-004,2026-07-19T16:28:42.860180,2026-07-19T16:35:06.085345,6.39,0.79
WIN-0277,SAT-013,GS-005,2026-07-18T10:27:46.276008,2026-07-18T10:43:27.501281,15.69,0.86
WIN-0278,SAT-012,GS-004,2026-07-19T06:32:25.632917,2026-07-19T06:50:56.249255,18.51,0.96
WIN-0279,SAT-018,GS-007,2026-07-18T07:34:19.193961,2026-07-18T07:53:19.415911,19.0,0.6
WIN-0280,SAT-007,GS-001,2026-07-19T13:18:52.720218,2026-07-19T13:37:27.184472,18.57,0.67
WIN-0281,SAT-007,GS-005,2026-07-18T01:45:27.610659,2026-07-18T02:03:15.513421,17.8,0.69
WIN-0282,SAT-002,GS-010,2026-07-17T20:08:40.464712,2026-07-17T20:37:00.497505,28.33,0.81
WIN-0283,SAT-002,GS-011,2026-07-18T05:50:29.297693,2026-07-18T06:10:22.717074,19.89,0.94
WIN-0284,SAT-014,GS-001,2026-07-19T01:54:26.305621,2026-07-19T02:12:28.051310,18.03,0.69
WIN-0285,SAT-009,GS-013,2026-07-17T22:23:10.799785,2026-07-17T22:41:09.388547,17.98,0.83
WIN-0286,SAT-015,GS-008,2026-07-19T10:33:18.612331,2026-07-19T11:00:59.580785,27.68,0.84
WIN-0287,SAT-013,GS-003,2026-07-18T01:15:42.644592,2026-07-18T01:34:27.040090,18.74,0.94
WIN-0288,SAT-013,GS-007,2026-07-16T21:29:27.007917,2026-07-16T21:36:55.189547,7.47,0.89
WIN-0289,SAT-006,GS-012,2026-07-17T04:30:19.744259,2026-07-17T04:42:46.356360,12.44,0.85
WIN-0290,SAT-003,GS-002,2026-07-16T23:07:48.989820,2026-07-16T23:19:48.783846,12.0,0.95
WIN-0291,SAT-001,GS-003,2026-07-18T12:38:20.932922,2026-07-18T12:52:33.506510,14.21,0.92
WIN-0292,SAT-012,GS-014,2026-07-17T14:48:04.318723,2026-07-17T15:14:09.636987,26.09,0.69
WIN-0293,SAT-015,GS-014,2026-07-17T12:48:42.567822,2026-07-17T13:09:54.752746,21.2,0.53
WIN-0294,SAT-012,GS-013,2026-07-19T13:20:08.011388,2026-07-19T13:29:57.575950,9.83,0.71
WIN-0295,SAT-015,GS-014,2026-07-19T06:55:14.962388,2026-07-19T07:08:32.169708,13.29,0.79
WIN-0296,SAT-020,GS-008,2026-07-18T01:39:55.153341,2026-07-18T02:00:09.125076,20.23,0.99
WIN-0297,SAT-001,GS-014,2026-07-19T12:28:23.991661,2026-07-19T12:48:16.082771,19.87,0.62
WIN-0298,SAT-005,GS-003,2026-07-17T07:12:03.217439,2026-07-17T07:32:03.528191,20.01,0.86
WIN-0299,SAT-004,GS-001,2026-07-18T07:42:43.509071,2026-07-18T08:12:39.929707,29.94,0.52
WIN-0300,SAT-010,GS-010,2026-07-17T20:34:40.344137,2026-07-17T20:42:15.801768,7.59,0.82
WIN-0301,SAT-006,GS-003,2026-07-19T02:10:42.578644,2026-07-19T02:30:33.740501,19.85,0.96
WIN-0302,SAT-012,GS-013,2026-07-18T10:49:55.344472,2026-07-18T11:15:59.068518,26.06,0.54
WIN-0303,SAT-012,GS-010,2026-07-16T19:11:43.325731,2026-07-16T19:38:18.549961,26.59,0.6
WIN-0304,SAT-008,GS-010,2026-07-17T02:38:17.239270,2026-07-17T02:46:42.904218,8.43,0.61
WIN-0305,SAT-012,GS-012,2026-07-17T15:31:44.614068,2026-07-17T15:46:04.221621,14.33,0.64
WIN-0306,SAT-004,GS-008,2026-07-18T21:30:35.665944,2026-07-18T21:53:29.548503,22.9,0.92
WIN-0307,SAT-012,GS-009,2026-07-19T09:33:46.159556,2026-07-19T09:41:07.228280,7.35,0.86
WIN-0308,SAT-017,GS-012,2026-07-19T13:16:15.278323,2026-07-19T13:30:33.028892,14.3,0.78
WIN-0309,SAT-014,GS-002,2026-07-17T12:50:19.925071,2026-07-17T13:18:27.754129,28.13,0.83
WIN-0310,SAT-006,GS-001,2026-07-17T04:12:01.324924,2026-07-17T04:36:28.781951,24.46,0.66
WIN-0311,SAT-018,GS-011,2026-07-17T05:26:49.753791,2026-07-17T05:45:44.662440,18.92,0.92
WIN-0312,SAT-011,GS-012,2026-07-19T15:46:44.852323,2026-07-19T16:01:25.344504,14.67,0.67
WIN-0313,SAT-007,GS-008,2026-07-17T05:54:49.013228,2026-07-17T06:13:37.437206,18.81,0.61
WIN-0314,SAT-011,GS-014,2026-07-19T10:11:23.808122,2026-07-19T10:27:11.735238,15.8,0.85
WIN-0315,SAT-016,GS-013,2026-07-16T22:15:58.792264,2026-07-16T22:28:36.691679,12.63,0.98
WIN-0316,SAT-007,GS-006,2026-07-17T17:59:31.132182,2026-07-17T18:10:40.463005,11.16,0.87
WIN-0317,SAT-010,GS-001,2026-07-17T16:44:36.490288,2026-07-17T17:06:40.541735,22.07,0.71
WIN-0318,SAT-014,GS-005,2026-07-17T15:31:46.098376,2026-07-17T15:47:37.719309,15.86,0.59
WIN-0319,SAT-006,GS-011,2026-07-18T01:33:45.191416,2026-07-18T01:45:02.691925,11.29,0.57
WIN-0320,SAT-017,GS-003,2026-07-17T16:22:55.221628,2026-07-17T16:44:21.188606,21.43,0.65
WIN-0321,SAT-020,GS-003,2026-07-18T19:17:11.087088,2026-07-18T19:39:08.454788,21.96,0.7
WIN-0322,SAT-008,GS-012,2026-07-17T15:05:27.395509,2026-07-17T15:20:43.187737,15.26,0.59
WIN-0323,SAT-003,GS-002,2026-07-19T02:40:05.745577,2026-07-19T03:08:50.842608,28.75,0.68
WIN-0324,SAT-002,GS-007,2026-07-18T16:47:46.882677,2026-07-18T16:57:06.821432,9.33,0.79
WIN-0325,SAT-014,GS-001,2026-07-17T02:38:27.730753,2026-07-17T02:46:45.343288,8.29,0.57
WIN-0326,SAT-007,GS-003,2026-07-18T17:53:00.262075,2026-07-18T17:58:29.951003,5.49,0.59
WIN-0327,SAT-010,GS-014,2026-07-18T12:43:18.300319,2026-07-18T13:11:08.249906,27.83,0.77
WIN-0328,SAT-017,GS-001,2026-07-17T08:54:53.321711,2026-07-17T09:24:52.046716,29.98,0.51
WIN-0329,SAT-010,GS-013,2026-07-17T13:30:00.959869,2026-07-17T13:37:14.090254,7.22,0.98
WIN-0330,SAT-006,GS-006,2026-07-18T04:04:54.862537,2026-07-18T04:18:28.750996,13.56,0.75
WIN-0331,SAT-008,GS-007,2026-07-17T15:20:46.268408,2026-07-17T15:37:34.097541,16.8,0.77
WIN-0332,SAT-014,GS-012,2026-07-17T17:10:04.011240,2026-07-17T17:15:46.971598,5.72,0.79
WIN-0333,SAT-009,GS-015,2026-07-17T08:53:54.654984,2026-07-17T09:21:14.665251,27.33,0.64
WIN-0334,SAT-002,GS-005,2026-07-18T18:46:19.978981,2026-07-18T19:01:18.085437,14.97,0.56
WIN-0335,SAT-005,GS-013,2026-07-17T16:28:58.167367,2026-07-17T16:46:09.189183,17.18,0.71
WIN-0336,SAT-013,GS-012,2026-07-19T12:33:16.079339,2026-07-19T12:50:16.211741,17.0,0.77
WIN-0337,SAT-006,GS-002,2026-07-18T09:47:56.909749,2026-07-18T09:57:21.287640,9.41,0.59
WIN-0338,SAT-009,GS-012,2026-07-18T00:31:18.443075,2026-07-18T00:58:03.634402,26.75,0.94
WIN-0339,SAT-012,GS-008,2026-07-17T06:15:42.612218,2026-07-17T06:44:57.811685,29.25,0.96
WIN-0340,SAT-012,GS-013,2026-07-19T13:06:53.336168,2026-07-19T13:31:02.622763,24.15,0.66
WIN-0341,SAT-003,GS-005,2026-07-18T00:33:32.393050,2026-07-18T00:53:38.197309,20.1,0.89
WIN-0342,SAT-018,GS-006,2026-07-17T03:14:04.283891,2026-07-17T03:27:53.926625,13.83,0.68
WIN-0343,SAT-002,GS-010,2026-07-17T01:01:08.019781,2026-07-17T01:13:03.887722,11.93,0.58
WIN-0344,SAT-018,GS-005,2026-07-17T00:44:56.324138,2026-07-17T01:00:37.636061,15.69,0.67
WIN-0345,SAT-003,GS-001,2026-07-19T13:10:44.240842,2026-07-19T13:30:16.463372,19.54,0.92
WIN-0346,SAT-010,GS-005,2026-07-17T11:20:48.847648,2026-07-17T11:31:00.808993,10.2,0.81
WIN-0347,SAT-003,GS-007,2026-07-18T08:00:04.780397,2026-07-18T08:17:06.809259,17.03,0.63
WIN-0348,SAT-016,GS-011,2026-07-17T11:43:19.998922,2026-07-17T11:53:13.934158,9.9,0.93
WIN-0349,SAT-007,GS-012,2026-07-16T17:01:42.996119,2026-07-16T17:29:26.223016,27.72,0.71
WIN-0350,SAT-003,GS-010,2026-07-19T15:05:21.809059,2026-07-19T15:19:37.963355,14.27,0.82
WIN-0351,SAT-002,GS-006,2026-07-18T00:10:51.450690,2026-07-18T00:17:27.392938,6.6,0.69
WIN-0352,SAT-017,GS-010,2026-07-17T13:43:06.299532,2026-07-17T13:58:06.825541,15.01,0.95
WIN-0353,SAT-015,GS-013,2026-07-17T22:35:59.482565,2026-07-17T22:41:28.224951,5.48,0.75
WIN-0354,SAT-003,GS-013,2026-07-17T11:51:28.684454,2026-07-17T12:14:23.567694,22.91,0.81
WIN-0355,SAT-003,GS-014,2026-07-16T22:43:50.901992,2026-07-16T22:53:04.923741,9.23,0.73
WIN-0356,SAT-003,GS-009,2026-07-19T02:44:37.442975,2026-07-19T03:06:04.610976,21.45,0.63
WIN-0357,SAT-007,GS-008,2026-07-17T20:13:48.852360,2026-07-17T20:40:37.943642,26.82,0.74
WIN-0358,SAT-007,GS-003,2026-07-19T08:39:45.075587,2026-07-19T09:01:06.167346,21.35,0.7
WIN-0359,SAT-010,GS-005,2026-07-18T05:50:40.797727,2026-07-18T06:16:40.529739,26.0,0.95
WIN-0360,SAT-014,GS-008,2026-07-19T05:25:29.621384,2026-07-19T05:31:38.938828,6.16,0.71
WIN-0361,SAT-003,GS-002,2026-07-18T15:25:17.418838,2026-07-18T15:39:40.521094,14.39,0.67
WIN-0362,SAT-010,GS-002,2026-07-19T09:03:27.319679,2026-07-19T09:29:22.741971,25.92,0.6
WIN-0363,SAT-002,GS-007,2026-07-17T01:04:20.995496,2026-07-17T01:15:03.574933,10.71,0.82
WIN-0364,SAT-002,GS-008,2026-07-18T02:25:03.792617,2026-07-18T02:47:56.475119,22.88,0.9
WIN-0365,SAT-003,GS-013,2026-07-17T16:58:51.894914,2026-07-17T17:09:19.109415,10.45,0.7
WIN-0366,SAT-008,GS-008,2026-07-18T22:45:33.709996,2026-07-18T22:53:26.535237,7.88,0.99
WIN-0367,SAT-011,GS-011,2026-07-18T00:03:40.150703,2026-07-18T00:19:07.290007,15.45,0.85
WIN-0368,SAT-018,GS-011,2026-07-18T08:15:26.569821,2026-07-18T08:22:27.338482,7.01,0.75
WIN-0369,SAT-013,GS-002,2026-07-19T13:37:15.910995,2026-07-19T13:59:55.907378,22.67,0.58
WIN-0370,SAT-006,GS-005,2026-07-17T23:15:27.555192,2026-07-17T23:37:21.175209,21.89,0.8
WIN-0371,SAT-016,GS-011,2026-07-19T06:02:02.774858,2026-07-19T06:07:19.586187,5.28,0.74
WIN-0372,SAT-011,GS-003,2026-07-17T02:14:03.116253,2026-07-17T02:23:54.586884,9.86,0.52
WIN-0373,SAT-014,GS-014,2026-07-16T20:00:21.171730,2026-07-16T20:10:51.234759,10.5,0.81
WIN-0374,SAT-018,GS-005,2026-07-17T17:06:34.487846,2026-07-17T17:12:26.694845,5.87,0.76
WIN-0375,SAT-003,GS-008,2026-07-16T19:50:52.649528,2026-07-16T20:17:18.703889,26.43,0.65
WIN-0376,SAT-011,GS-014,2026-07-17T08:21:49.738220,2026-07-17T08:40:17.166080,18.46,0.59
WIN-0377,SAT-005,GS-014,2026-07-19T12:51:30.595311,2026-07-19T13:02:04.754366,10.57,0.94
WIN-0378,SAT-019,GS-009,2026-07-17T20:26:22.260617,2026-07-17T20:31:43.221638,5.35,0.57
WIN-0379,SAT-001,GS-004,2026-07-18T07:06:12.843306,2026-07-18T07:22:03.071819,15.84,0.73
WIN-0380,SAT-012,GS-005,2026-07-16T16:49:56.292431,2026-07-16T17:11:40.022803,21.73,0.69
WIN-0381,SAT-020,GS-002,2026-07-16T19:42:39.323762,2026-07-16T19:54:19.940550,11.68,0.72
WIN-0382,SAT-012,GS-014,2026-07-17T08:59:07.932988,2026-07-17T09:25:58.677984,26.85,0.86
WIN-0383,SAT-001,GS-007,2026-07-18T16:04:23.573495,2026-07-18T16:18:05.919882,13.71,1.0
WIN-0384,SAT-017,GS-001,2026-07-19T02:57:18.416242,2026-07-19T03:23:48.490501,26.5,0.69
WIN-0385,SAT-009,GS-014,2026-07-18T00:41:13.942311,2026-07-18T01:04:29.175401,23.25,0.68
WIN-0386,SAT-001,GS-006,2026-07-17T06:53:18.425808,2026-07-17T07:15:53.925462,22.59,0.77
WIN-0387,SAT-018,GS-003,2026-07-17T05:23:59.522755,2026-07-17T05:32:02.787364,8.05,0.95
WIN-0388,SAT-010,GS-004,2026-07-17T12:36:43.445334,2026-07-17T12:53:13.163836,16.5,0.77
WIN-0389,SAT-006,GS-011,2026-07-19T01:00:18.471783,2026-07-19T01:08:10.783620,7.87,0.68
WIN-0390,SAT-013,GS-001,2026-07-17T14:31:05.866909,2026-07-17T14:48:54.658158,17.81,0.95
WIN-0391,SAT-013,GS-003,2026-07-18T02:58:07.836867,2026-07-18T03:27:05.060765,28.95,0.55
WIN-0392,SAT-002,GS-006,2026-07-17T23:00:45.910023,2026-07-17T23:30:21.434884,29.59,0.86
WIN-0393,SAT-001,GS-011,2026-07-19T12:31:03.840617,2026-07-19T12:46:38.918759,15.58,0.62
WIN-0394,SAT-004,GS-015,2026-07-19T08:53:54.478999,2026-07-19T09:15:38.279697,21.73,0.7
WIN-0395,SAT-004,GS-005,2026-07-18T14:32:51.059007,2026-07-18T14:58:29.262394,25.64,0.94
WIN-0396,SAT-013,GS-001,2026-07-17T09:10:39.206262,2026-07-17T09:23:24.552449,12.76,0.93
WIN-0397,SAT-004,GS-006,2026-07-19T13:58:47.753014,2026-07-19T14:23:13.437661,24.43,0.52
WIN-0398,SAT-018,GS-012,2026-07-19T06:34:15.049056,2026-07-19T07:02:45.441051,28.51,0.84
WIN-0399,SAT-012,GS-001,2026-07-19T05:44:22.020809,2026-07-19T06:13:10.585742,28.81,0.72
WIN-0400,SAT-005,GS-011,2026-07-18T11:21:50.201855,2026-07-18T11:29:50.270847,8.0,0.84
WIN-0401,SAT-004,GS-011,2026-07-18T02:20:57.389002,2026-07-18T02:33:56.852871,12.99,0.62
WIN-0402,SAT-020,GS-014,2026-07-18T20:30:48.215754,2026-07-18T20:38:52.130386,8.07,0.91
WIN-0403,SAT-020,GS-008,2026-07-17T11:57:34.931960,2026-07-17T12:06:56.314050,9.36,0.71
WIN-0404,SAT-005,GS-014,2026-07-16T18:06:52.601588,2026-07-16T18:30:50.709667,23.97,0.69
WIN-0405,SAT-019,GS-004,2026-07-17T09:18:01.444313,2026-07-17T09:26:24.300677,8.38,0.92
WIN-0406,SAT-002,GS-001,2026-07-18T17:23:57.358695,2026-07-18T17:50:13.168102,26.26,0.53
WIN-0407,SAT-004,GS-008,2026-07-17T22:34:47.702865,2026-07-17T22:55:19.393574,20.53,0.58
WIN-0408,SAT-011,GS-003,2026-07-18T21:14:40.284885,2026-07-18T21:30:08.632770,15.47,0.72
WIN-0409,SAT-015,GS-008,2026-07-18T05:35:14.895795,2026-07-18T05:54:29.825597,19.25,0.89
WIN-0410,SAT-020,GS-010,2026-07-17T14:34:42.484780,2026-07-17T14:49:03.970242,14.36,0.95
WIN-0411,SAT-013,GS-003,2026-07-17T20:05:15.784027,2026-07-17T20:35:03.171649,29.79,0.6
WIN-0412,SAT-017,GS-006,2026-07-19T10:55:24.582085,2026-07-19T11:12:37.381755,17.21,0.97
WIN-0413,SAT-006,GS-011,2026-07-17T21:45:39.839968,2026-07-17T22:10:00.107885,24.34,0.99
WIN-0414,SAT-015,GS-011,2026-07-18T15:59:41.847813,2026-07-18T16:22:07.278152,22.42,0.64
WIN-0415,SAT-017,GS-002,2026-07-17T20:19:36.918904,2026-07-17T20:24:43.034990,5.1,0.75
WIN-0416,SAT-008,GS-010,2026-07-19T09:16:23.604039,2026-07-19T09:36:45.999767,20.37,0.86
WIN-0417,SAT-007,GS-006,2026-07-19T06:07:30.358895,2026-07-19T06:22:25.662666,14.92,0.69
WIN-0418,SAT-011,GS-009,2026-07-19T06:06:54.531112,2026-07-19T06:29:07.984858,22.22,0.95
WIN-0419,SAT-013,GS-014,2026-07-18T12:44:35.582460,2026-07-18T13:12:07.887444,27.54,0.82
WIN-0420,SAT-014,GS-010,2026-07-19T12:09:10.580404,2026-07-19T12:24:18.434270,15.13,0.91
WIN-0421,SAT-012,GS-006,2026-07-19T02:17:45.729741,2026-07-19T02:28:32.840499,10.79,0.61
WIN-0422,SAT-020,GS-003,2026-07-19T06:05:19.920427,2026-07-19T06:16:44.724445,11.41,0.81
WIN-0423,SAT-001,GS-006,2026-07-16T17:36:39.804623,2026-07-16T18:02:29.437093,25.83,0.93
WIN-0424,SAT-005,GS-011,2026-07-17T23:46:45.322397,2026-07-18T00:01:13.611318,14.47,0.94
WIN-0425,SAT-014,GS-013,2026-07-17T07:34:25.056593,2026-07-17T07:59:24.409917,24.99,0.76
WIN-0426,SAT-017,GS-001,2026-07-19T04:11:18.534661,2026-07-19T04:17:37.314580,6.31,0.72
WIN-0427,SAT-018,GS-014,2026-07-18T20:19:24.883930,2026-07-18T20:37:18.493689,17.89,0.89
WIN-0428,SAT-001,GS-012,2026-07-18T09:16:21.719618,2026-07-18T09:22:58.765409,6.62,0.91
WIN-0429,SAT-019,GS-005,2026-07-17T11:17:43.921602,2026-07-17T11:46:48.353952,29.07,0.63
WIN-0430,SAT-020,GS-002,2026-07-18T09:10:08.354078,2026-07-18T09:25:09.710021,15.02,0.79
WIN-0431,SAT-010,GS-011,2026-07-18T04:30:44.444879,2026-07-18T04:47:27.664180,16.72,0.68
WIN-0432,SAT-020,GS-002,2026-07-17T05:38:31.929689,2026-07-17T06:07:15.820942,28.73,0.86
WIN-0433,SAT-003,GS-015,2026-07-19T10:21:37.509483,2026-07-19T10:47:14.742756,25.62,0.56
WIN-0434,SAT-002,GS-001,2026-07-18T23:30:17.701249,2026-07-18T23:41:11.726218,10.9,0.83
WIN-0435,SAT-019,GS-004,2026-07-17T17:42:15.254821,2026-07-17T18:08:36.648220,26.36,0.99
WIN-0436,SAT-007,GS-015,2026-07-19T11:39:35.573209,2026-07-19T12:06:11.367996,26.6,0.82
WIN-0437,SAT-011,GS-013,2026-07-17T16:56:57.435775,2026-07-17T17:08:56.798863,11.99,0.63
WIN-0438,SAT-004,GS-007,2026-07-17T05:52:35.107834,2026-07-17T06:03:24.215915,10.82,0.87
WIN-0439,SAT-013,GS-014,2026-07-17T16:51:20.231130,2026-07-17T17:03:43.553057,12.39,0.83
WIN-0440,SAT-016,GS-007,2026-07-19T05:44:33.611859,2026-07-19T06:09:17.891608,24.74,0.98
WIN-0441,SAT-006,GS-009,2026-07-19T15:27:19.427004,2026-07-19T15:44:09.736807,16.84,0.73
WIN-0442,SAT-012,GS-012,2026-07-18T04:57:45.628029,2026-07-18T05:22:45.732343,25.0,0.57
WIN-0443,SAT-007,GS-004,2026-07-16T19:52:08.142728,2026-07-16T20:05:57.640971,13.82,0.94
WIN-0444,SAT-001,GS-003,2026-07-19T10:19:57.846991,2026-07-19T10:48:16.712097,28.31,0.91
WIN-0445,SAT-008,GS-002,2026-07-18T00:57:20.325561,2026-07-18T01:10:07.692298,12.79,0.9
WIN-0446,SAT-014,GS-007,2026-07-16T16:47:13.614838,2026-07-16T16:56:41.579610,9.47,0.83
WIN-0447,SAT-018,GS-001,2026-07-17T23:19:55.654968,2026-07-17T23:49:33.911614,29.64,0.8
WIN-0448,SAT-020,GS-002,2026-07-19T16:24:30.395920,2026-07-19T16:43:22.637581,18.87,0.74
WIN-0449,SAT-010,GS-001,2026-07-19T10:27:10.306196,2026-07-19T10:34:52.186657,7.7,0.64
WIN-0450,SAT-011,GS-004,2026-07-18T03:17:43.234955,2026-07-18T03:47:42.232174,29.98,0.74
WIN-0451,SAT-009,GS-003,2026-07-18T02:43:06.889831,2026-07-18T02:59:01.334905,15.91,0.99
WIN-0452,SAT-011,GS-006,2026-07-19T11:32:59.159338,2026-07-19T11:49:41.043916,16.7,0.61
WIN-0453,SAT-011,GS-001,2026-07-18T04:29:54.304837,2026-07-18T04:35:54.838414,6.01,0.98
WIN-0454,SAT-008,GS-004,2026-07-17T03:45:53.447542,2026-07-17T03:51:26.842227,5.56,0.6
WIN-0455,SAT-008,GS-012,2026-07-19T05:17:35.502186,2026-07-19T05:46:56.071359,29.34,0.92
WIN-0456,SAT-008,GS-015,2026-07-18T07:36:36.867212,2026-07-18T07:47:56.968799,11.34,0.96
WIN-0457,SAT-019,GS-004,2026-07-19T15:05:05.243249,2026-07-19T15:14:20.029262,9.25,0.6
WIN-0458,SAT-006,GS-011,2026-07-18T11:27:36.590947,2026-07-18T11:38:53.650322,11.28,0.98
WIN-0459,SAT-011,GS-008,2026-07-18T09:53:47.508898,2026-07-18T10:00:05.867956,6.31,0.97
WIN-0460,SAT-004,GS-010,2026-07-17T19:40:19.866784,2026-07-17T19:59:28.975522,19.15,0.87
WIN-0461,SAT-008,GS-001,2026-07-19T13:00:00.401946,2026-07-19T13:05:55.661717,5.92,0.6
WIN-0462,SAT-017,GS-007,2026-07-19T14:18:02.457331,2026-07-19T14:42:03.035587,24.01,0.52
WIN-0463,SAT-012,GS-014,2026-07-17T01:46:49.837357,2026-07-17T02:12:58.949621,26.15,0.95
WIN-0464,SAT-003,GS-002,2026-07-16T21:08:27.495710,2026-07-16T21:30:31.304931,22.06,0.77
WIN-0465,SAT-005,GS-006,2026-07-18T15:06:51.793231,2026-07-18T15:28:22.739791,21.52,0.8
WIN-0466,SAT-004,GS-015,2026-07-18T16:08:12.270440,2026-07-18T16:27:53.877735,19.69,0.91
WIN-0467,SAT-005,GS-003,2026-07-16T18:25:32.119139,2026-07-16T18:53:59.844822,28.46,1.0
WIN-0468,SAT-014,GS-002,2026-07-17T08:43:21.165326,2026-07-17T09:00:00.891568,16.66,0.61
WIN-0469,SAT-015,GS-004,2026-07-18T03:41:01.435858,2026-07-18T03:56:15.794006,15.24,0.86
WIN-0470,SAT-003,GS-013,2026-07-18T20:10:52.503454,2026-07-18T20:17:40.431417,6.8,0.85
WIN-0471,SAT-014,GS-008,2026-07-18T08:21:53.991182,2026-07-18T08:38:13.919089,16.33,0.52
WIN-0472,SAT-004,GS-015,2026-07-19T08:23:00.417243,2026-07-19T08:41:51.342653,18.85,0.55
WIN-0473,SAT-001,GS-001,2026-07-19T05:03:03.662327,2026-07-19T05:31:24.268548,28.34,0.61
WIN-0474,SAT-017,GS-012,2026-07-17T20:03:28.508812,2026-07-17T20:11:39.994762,8.19,0.94
WIN-0475,SAT-001,GS-002,2026-07-19T07:31:37.992044,2026-07-19T08:01:02.535972,29.41,0.85
WIN-0476,SAT-007,GS-011,2026-07-19T00:37:28.052092,2026-07-19T00:52:55.682696,15.46,0.59
WIN-0477,SAT-003,GS-013,2026-07-16T22:31:22.637716,2026-07-16T22:51:43.911132,20.35,0.81
WIN-0478,SAT-005,GS-013,2026-07-18T04:09:37.814747,2026-07-18T04:15:18.721322,5.68,0.82
WIN-0479,SAT-020,GS-010,2026-07-18T12:02:59.840168,2026-07-18T12:28:05.752011,25.1,0.73
WIN-0480,SAT-012,GS-013,2026-07-16T19:50:50.507129,2026-07-16T20:13:28.750534,22.64,0.82
WIN-0481,SAT-018,GS-005,2026-07-16T21:43:34.729711,2026-07-16T22:07:49.499992,24.25,0.81
WIN-0482,SAT-002,GS-003,2026-07-17T05:36:16.056557,2026-07-17T05:53:30.704404,17.24,0.78
WIN-0483,SAT-016,GS-008,2026-07-19T06:20:34.857679,2026-07-19T06:36:11.648976,15.61,0.82
WIN-0484,SAT-010,GS-002,2026-07-17T16:48:57.427942,2026-07-17T17:08:32.568749,19.59,0.59
WIN-0485,SAT-012,GS-009,2026-07-19T15:03:19.934472,2026-07-19T15:18:14.054815,14.9,0.68
WIN-0486,SAT-003,GS-007,2026-07-18T23:31:46.739746,2026-07-19T00:00:48.980610,29.04,0.63
WIN-0487,SAT-010,GS-006,2026-07-16T17:26:28.894164,2026-07-16T17:33:19.873361,6.85,0.72
WIN-0488,SAT-007,GS-008,2026-07-18T11:11:26.295065,2026-07-18T11:37:01.608826,25.59,0.84
WIN-0489,SAT-013,GS-015,2026-07-16T21:19:21.418419,2026-07-16T21:38:12.345792,18.85,0.62
WIN-0490,SAT-001,GS-008,2026-07-19T03:10:39.095349,2026-07-19T03:34:38.046724,23.98,0.58
WIN-0491,SAT-012,GS-001,2026-07-16T19:13:21.696765,2026-07-16T19:20:16.261638,6.91,0.58
WIN-0492,SAT-019,GS-010,2026-07-18T04:51:43.535534,2026-07-18T05:00:52.280291,9.15,0.69
WIN-0493,SAT-017,GS-005,2026-07-18T16:17:09.406324,2026-07-18T16:33:07.671501,15.97,0.77
WIN-0494,SAT-019,GS-008,2026-07-18T18:01:45.767248,2026-07-18T18:21:23.355337,19.63,0.77
WIN-0495,SAT-019,GS-007,2026-07-16T17:30:53.888090,2026-07-16T17:59:29.965712,28.6,0.83
WIN-0496,SAT-019,GS-009,2026-07-16T19:23:19.874038,2026-07-16T19:52:32.557984,29.21,0.63
WIN-0497,SAT-017,GS-013,2026-07-17T12:56:31.042264,2026-07-17T13:12:35.063568,16.07,0.63
WIN-0498,SAT-013,GS-006,2026-07-17T14:15:05.107665,2026-07-17T14:34:56.087576,19.85,0.79
WIN-0499,SAT-014,GS-001,2026-07-17T06:10:54.299883,2026-07-17T06:17:49.504685,6.92,0.65
